<ImportExportXml xmlns:xsi="http://www.w3.org/2001/XMLSchema-instance">
  <Entities></Entities>
  <Roles></Roles>
  <Workflows></Workflows>
  <FieldSecurityProfiles></FieldSecurityProfiles>
  <Templates />
  <EntityMaps />
  <EntityRelationships />
  <OrganizationSettings />
  <optionsets />
  <WebResources>
    <WebResource>
      <WebResourceId>{10bbaff2-5b20-e711-8428-00155d005009}</WebResourceId>
      <Name>sw_pages/index.html</Name>
      <DisplayName>Index</DisplayName>
      <WebResourceType>1</WebResourceType>
      <IntroducedVersion>0.1</IntroducedVersion>
      <IsEnabledForMobileClient>0</IsEnabledForMobileClient>
      <IsCustomizable>1</IsCustomizable>
      <CanBeDeleted>1</CanBeDeleted>
      <IsHidden>0</IsHidden>
      <FileName>/WebResources/sw_pagesindexhtml10BBAFF2-5B20-E711-8428-00155D005009</FileName>
    </WebResource>
    <WebResource>
      <WebResourceId>{2a81012e-5c20-e711-8428-00155d005009}</WebResourceId>
      <Name>sw_pages/css.css</Name>
      <DisplayName>css</DisplayName>
      <WebResourceType>2</WebResourceType>
      <IntroducedVersion>0.1</IntroducedVersion>
      <IsEnabledForMobileClient>0</IsEnabledForMobileClient>
      <IsCustomizable>1</IsCustomizable>
      <CanBeDeleted>1</CanBeDeleted>
      <IsHidden>0</IsHidden>
      <FileName>/WebResources/sw_pagescsscss2A81012E-5C20-E711-8428-00155D005009</FileName>
    </WebResource>
    <WebResource>
      <WebResourceId>{b0d38249-5c20-e711-8428-00155d005009}</WebResourceId>
      <Name>sw_scripts/getCount.js</Name>
      <DisplayName>getCount</DisplayName>
      <WebResourceType>3</WebResourceType>
      <IntroducedVersion>0.1</IntroducedVersion>
      <IsEnabledForMobileClient>0</IsEnabledForMobileClient>
      <IsCustomizable>1</IsCustomizable>
      <CanBeDeleted>1</CanBeDeleted>
      <IsHidden>0</IsHidden>
      <FileName>/WebResources/sw_scriptsgetCountjsB0D38249-5C20-E711-8428-00155D005009</FileName>
    </WebResource>
  </WebResources>
  <Languages>
    <Language>1033</Language>
  </Languages>
</ImportExportXml>